,method,num_users,response_rate
0,SMS,157,0.743421052631579
1,email,88,0.5681818181818182
